date,filename,word_count,slug,type_suite,theme,regime_icpe,categorie_seveso,nom_commune,id_icpe,source_pdf
2022-04-21,elevage-des-dunes-des-sages31004992022-04-2179009503800010f01.txt,135,elevage-des-dunes-des-sages31004992022-04-2179009503800010f01,Avec suites *,"Risques accidentels, Dispositions générales",AUTRE,,Abzac,3100499,ELEVAGE-DES-DUNES-DES-SAGES_3100499_2022-04-21_79009503800010.pdf
2022-06-03,bibliotheque-meriadeck-bordeaux52070742022-06-0391195064000019f06.txt,139,bibliotheque-meriadeck-bordeaux52070742022-06-0391195064000019f06,,"Risques chroniques, TAR",AUTRE,,Bordeaux,5207074,BIBLIOTHEQUE-MERIADECK-BORDEAUX_5207074_2022-06-03_91195064000019.pdf
2022-06-03,bibliotheque-meriadeck-bordeaux52070742022-06-0391195064000019f18.txt,80,bibliotheque-meriadeck-bordeaux52070742022-06-0391195064000019f18,Susceptible de suites,"Risques chroniques, TAR",AUTRE,,Bordeaux,5207074,BIBLIOTHEQUE-MERIADECK-BORDEAUX_5207074_2022-06-03_91195064000019.pdf
2022-06-07,sarl-moulin-du-caouley52008782022-06-0732368394600012f04.txt,65,sarl-moulin-du-caouley52008782022-06-0732368394600012f04,"Avec suites
Proposition de sultes : Lettre de suite préfectorale
Proposition de
délais :3 mois","Risques chroniques, Prescriptions générales",AUTORISATION,NON_SEVESO,Lerm-et-Musset,5200878,SARL-MOULIN-DU-CAOULEY_5200878_2022-06-07_32368394600012.pdf
2022-06-07,sarl-moulin-du-caouley52008782022-06-0732368394600012f03.txt,38,sarl-moulin-du-caouley52008782022-06-0732368394600012f03,"Avec suites
—","Risques chroniques, Prescriptions concernant la police de l'eau",AUTORISATION,NON_SEVESO,Lerm-et-Musset,5200878,SARL-MOULIN-DU-CAOULEY_5200878_2022-06-07_32368394600012.pdf
2022-06-07,sarl-moulin-du-caouley52008782022-06-0732368394600012f02.txt,76,sarl-moulin-du-caouley52008782022-06-0732368394600012f02,"Sans suite
L","Risques chroniques, Prescriptions concernant la police de l'eau
Point de contrôle déjà contrélé : Sans Objet",AUTORISATION,NON_SEVESO,Lerm-et-Musset,5200878,SARL-MOULIN-DU-CAOULEY_5200878_2022-06-07_32368394600012.pdf
2022-06-07,sarl-moulin-du-caouley52008782022-06-0732368394600012f12.txt,58,sarl-moulin-du-caouley52008782022-06-0732368394600012f12,"Sans suite
Proposition de sultes : Sans objet","Risques chroniques, Prescriptions générales",AUTORISATION,NON_SEVESO,Lerm-et-Musset,5200878,SARL-MOULIN-DU-CAOULEY_5200878_2022-06-07_32368394600012.pdf
2022-06-07,sarl-moulin-du-caouley52008782022-06-0732368394600012f11.txt,104,sarl-moulin-du-caouley52008782022-06-0732368394600012f11,"Sans suite
Proposition de sultes : Sans'objet
n","Risques chroniques, Prescriptions générales",AUTORISATION,NON_SEVESO,Lerm-et-Musset,5200878,SARL-MOULIN-DU-CAOULEY_5200878_2022-06-07_32368394600012.pdf
2022-06-07,sarl-moulin-du-caouley52008782022-06-0732368394600012f08.txt,137,sarl-moulin-du-caouley52008782022-06-0732368394600012f08,"Sans suite
|
Proposition de sultes : Sans objet
|

‘N°9 : Localisation","Risques chroniques, Prescriptions concernant
la police de l'eau",AUTORISATION,NON_SEVESO,Lerm-et-Musset,5200878,SARL-MOULIN-DU-CAOULEY_5200878_2022-06-07_32368394600012.pdf
2022-06-07,sarl-moulin-du-caouley52008782022-06-0732368394600012f06.txt,326,sarl-moulin-du-caouley52008782022-06-0732368394600012f06,"Susceptible
de suites",,AUTORISATION,NON_SEVESO,Lerm-et-Musset,5200878,SARL-MOULIN-DU-CAOULEY_5200878_2022-06-07_32368394600012.pdf
2022-06-07,sarl-moulin-du-caouley52008782022-06-0732368394600012f14.txt,96,sarl-moulin-du-caouley52008782022-06-0732368394600012f14,Susceptible de‘suites,"Risques chroniques, Prescriptions générales",AUTORISATION,NON_SEVESO,Lerm-et-Musset,5200878,SARL-MOULIN-DU-CAOULEY_5200878_2022-06-07_32368394600012.pdf
2022-06-09,querandeau-production52011902022-06-0995036494300015f04.txt,251,querandeau-production52011902022-06-0995036494300015f04,Sans suite,"Risques chroniques, Préservation du bois – entretien et contrôle",AUTORISATION,NON_SEVESO,Saint-Jean-d'Illac,5201190,QUERANDEAU-Production_5201190_2022-06-09_95036494300015.pdf
2022-08-17,vermilion-rep-s-a-s-la-teste-de-buch52013492022-08-1741096483700083f04.txt,155,vermilion-rep-s-a-s-la-teste-de-buch52013492022-08-1741096483700083f04,Sans suite,"Risques accidentels, Conditions préalable de remise en service",AUTORISATION,SEUIL_HAUT,La Teste-de-Buch,5201349,VERMILION-REP-S-A-S-La-Teste-de-Buch_5201349_2022-08-17_41096483700083.pdf
2022-08-23,u-logistique-sas52008502022-08-2381014656300178f01.txt,339,u-logistique-sas52008502022-08-2381014656300178f01,Sans suites,"Risques accidentels, Documentation POI",AUTORISATION,SEUIL_BAS,Langon,5200850,U-LOGISTIQUE-SAS_5200850_2022-08-23_81014656300178.pdf
2022-08-23,u-logistique-sas52008502022-08-2381014656300178f04.txt,553,u-logistique-sas52008502022-08-2381014656300178f04,Sans suites,"Risques accidentels, Exercices",AUTORISATION,SEUIL_BAS,Langon,5200850,U-LOGISTIQUE-SAS_5200850_2022-08-23_81014656300178.pdf
2022-08-23,descas-pere-fils-ex-xpo52080912022-08-23nosiretf02.txt,183,descas-pere-fils-ex-xpo52080912022-08-23nosiretf02,Susceptible de suites,"Situation administrative, conformité",NON_ICPE,,Langon,5208091,DESCAS-PERE-FILS-ex-XPO_5208091_2022-08-23_nosiret.pdf
2022-08-30,bonnieu52006022022-08-3038174994400017f07.txt,253,bonnieu52006022022-08-3038174994400017f07,Susceptible de suites,"Risques accidentels, Rétention des eaux d'incendie",ENREGISTREMENT,NON_SEVESO,Bouliac,5200602,BONNIEU_5200602_2022-08-30_38174994400017.pdf
2022-09-02,o-i-france-sas52013752022-09-0233903070200130f10.txt,788,o-i-france-sas52013752022-09-0233903070200130f10,Sans suites,"Risques chroniques, Tours aéro réfigérantes",AUTORISATION,NON_SEVESO,Vayres,5201375,O-I-France-SAS_5201375_2022-09-02_33903070200130.pdf
2022-09-08,lafarge-granulats-lg-le-fieu52082772022-09-0856211088201575f12.txt,461,lafarge-granulats-lg-le-fieu52082772022-09-0856211088201575f12,"Conformément à l’article 16 Bis de l’arrêté ministériel du 22 septembre
1994, l’exploitant transmettra le PGD à madame la Préfète.","Actions nationales 2022, Plan de gestion des déchets",AUTORISATION,NON_SEVESO,Le Fieu,5208277,LAFARGE-GRANULATS-LG-Le-Fieu_5208277_2022-09-08_56211088201575.pdf
2022-09-26,scea-l-aurage52122182022-09-2644980022600010f03.txt,32,scea-l-aurage52122182022-09-2644980022600010f03,"Sans suite
Proposition de sultes : Sans objet","Risques chroniques, Exploitation et entretien",AUTRE,,Saint-Genès-de-Castillon,5212218,SCEA-L-AURAGE_5212218_2022-09-26_44980022600010.pdf
2022-09-26,sarl-chateau-cap-de-faugeres533211362022-09-2651898537900016f03.txt,29,sarl-chateau-cap-de-faugeres533211362022-09-2651898537900016f03,"Sans suite
| Proposition

N° 4; Réseau de collecte
| Référence réglementaire :
Arrêté Ministériel du 15/03/1999, article Annexe, paragraphe 5.3
Thème(s): Risques chroniques, Eau
Point de contrôle déjà contrôlé : Sans Objet
Prescription contrélée
Le réseau de collecte doit être de type séparatif permettant d'isoler les eaux résiduaires polluées
des eaux pluviales non susceptibles d'être polluées.
Les points de rejet des eaux résiduaires doivent être en nombre aussi réduit que possible
aménagés pour permettre un prélèvement aisé d'échantillon.
Constats
CONFORME.
Les effluents non traités sont acheminés vers une cuve étanche avant d'être récupérés par la
CUMA Castillonaise, entreprise PUISARNAUD, Castillon la Bataille.
|
de suites proposées
: Sans suite","Risques chroniques, Exploitation
et entretien",AUTRE,,Sainte-Colombe,53321136,SARL-CHATEAU-CAP-DE-FAUGERES_53321136_2022-09-26_51898537900016.pdf
2022-09-26,chateau-fombrauge-sas52119552022-09-2659725040600019f02.txt,26,chateau-fombrauge-sas52119552022-09-2659725040600019f02,Sans suite,"Risques chroniques, Implantation et aménagement",AUTRE,,Saint-Christophe-des-Bardes,5211955,CHATEAU-FOMBRAUGE-SAS_5211955_2022-09-26_59725040600019.pdf
2022-09-26,chateau-fombrauge-sas52119552022-09-2659725040600019f01.txt,49,chateau-fombrauge-sas52119552022-09-2659725040600019f01,Sans suite,"Risques chroniques, Dispositions générales",AUTRE,,Saint-Christophe-des-Bardes,5211955,CHATEAU-FOMBRAUGE-SAS_5211955_2022-09-26_59725040600019.pdf
2022-09-26,sarl-chateau-cap-de-faugeres533211362022-09-2651898537900016f01.txt,172,sarl-chateau-cap-de-faugeres533211362022-09-2651898537900016f01,"Susceptible
de suites",,AUTRE,,Sainte-Colombe,53321136,SARL-CHATEAU-CAP-DE-FAUGERES_53321136_2022-09-26_51898537900016.pdf
2022-09-27,afm-recyclage-bassens52114942022-09-2738348263500422f13.txt,108,afm-recyclage-bassens52114942022-09-2738348263500422f13,Susceptible de suites,"Risques accidentels, Carnet de bord",AUTORISATION,NON_SEVESO,Bassens,5211494,AFM-RECYCLAGE-Bassens_5211494_2022-09-27_38348263500422.pdf
2022-09-27,sas-j-dubourg52034892022-09-2781742313000019f06.txt,279,sas-j-dubourg52034892022-09-2781742313000019f06,Susceptible de suites,"Autre, Plan d'exploitation",AUTORISATION,NON_SEVESO,Le Barp,5203489,SAS-J-DUBOURG_5203489_2022-09-27_81742313000019.pdf
2022-09-29,jeanneau-sas52122872022-09-2980046790400010f07.txt,283,jeanneau-sas52122872022-09-2980046790400010f07,Susceptible de suite,"Risques chroniques, suivi des volumes prélevés au milieu naturel",AUTRE,,Laruscade,5212287,JEANNEAU-SAS_5212287_2022-09-29_80046790400010.pdf
2022-10-05,centre-de-recuperation-du-libournais-coutras52077522022-10-0534183141000012f02.txt,101,centre-de-recuperation-du-libournais-coutras52077522022-10-0534183141000012f02,Sans suite,"Risques chroniques, Eaux de rejet",AUTORISATION,NON_SEVESO,Coutras,5207752,CENTRE-DE-RECUPERATION-DU-LIBOURNAIS-Coutras_5207752_2022-10-05_34183141000012.pdf
2022-10-06,axel-vega52067542022-10-0641374835100025f19.txt,82,axel-vega52067542022-10-0641374835100025f19,Susceptibles de suites,"Risques chroniques, Récupération, recyclage, élimination",AUTRE,,Bordeaux,5206754,AXEL-VEGA_5206754_2022-10-06_41374835100025.pdf
2022-10-10,ucva52007212022-10-1078188879700011f06.txt,194,ucva52007212022-10-1078188879700011f06,Susceptibles de  suites,"Risques chroniques, conformité",AUTORISATION,NON_SEVESO,Coutras,5200721,UCVA_5200721_2022-10-10_78188879700011.pdf
2022-10-14,feu-vert-merignac-rte-du-cap-ferret1000078212022-10-1432735998001476f01.txt,112,feu-vert-merignac-rte-du-cap-ferret1000078212022-10-1432735998001476f01,Sans suite,"Produits chimiques, Fluides frigorigènes",NON_ICPE,,Mérignac,100007821,FEU-VERT-Merignac-RTE-DU-CAP-FERRET_100007821_2022-10-14_32735998001476.pdf
2022-10-27,crl-sud-gironde52080742022-10-2745264452900011f09.txt,261,crl-sud-gironde52080742022-10-2745264452900011f09,Susceptible de suites,"Risques chroniques, Compatibilité milieu",ENREGISTREMENT,NON_SEVESO,Sendets,5208074,CRL-SUD-GIRONDE_5208074_2022-10-27_45264452900011.pdf
2022-11-03,etablissement-francois1000081112022-11-0342318227800014f01.txt,336,etablissement-francois1000081112022-11-0342318227800014f01,Sans suite,"Situation administrative, Nomenclature des ICPE",NON_ICPE,,Lacanau,100008111,Etablissement-Francois_100008111_2022-11-03_42318227800014.pdf
2022-11-08,auchan-bdx-lac-station-service52005392022-11-0847618062500479f01.txt,62,auchan-bdx-lac-station-service52005392022-11-0847618062500479f01,Sans suite,"Situation administrative, Déclaration cessation",NON_ICPE,,Bordeaux,5200539,AUCHAN-BDX-LAC-Station-Service_5200539_2022-11-08_47618062500479.pdf
2022-11-08,auchan-bdx-lac-station-service52005392022-11-0847618062500479f04.txt,97,auchan-bdx-lac-station-service52005392022-11-0847618062500479f04,Susceptible de suites,"Risques accidentels, Mise en sécurité du site",NON_ICPE,,Bordeaux,5200539,AUCHAN-BDX-LAC-Station-Service_5200539_2022-11-08_47618062500479.pdf
2022-11-10,sea-invest-bordeaux-bassens-avenue-bellerive-des-moines52003302022-11-1031887184.txt,179,sea-invest-bordeaux-bassens-avenue-bellerive-des-moines52003302022-11-1031887184,Suceptible de suites,"Risques accidentels, Lutte contre l’incendie",ENREGISTREMENT,NON_SEVESO,Bassens,5200330,SEA-INVEST-BORDEAUX-BASSENS-AVENUE-BELLERIVE-DES-MOINES_5200330_2022-11-10_31887184500034.pdf
2022-11-15,pena-metaux-sas52010042022-11-1538014154900010f09.txt,342,pena-metaux-sas52010042022-11-1538014154900010f09,Avec suites,"Risques chroniques, Transmission des résultats de l'autosurveillance",AUTORISATION,NON_SEVESO,Mérignac,5201004,PENA-METAUX-SAS_5201004_2022-11-15_38014154900010.pdf
2022-11-16,edf-cpe52002622022-11-1655208131762216f04.txt,351,edf-cpe52002622022-11-1655208131762216f04,Suceptible de suite,"Risques chroniques, eaux souterraines",NON_ICPE,,Ambès,5200262,EDF-CPE_5200262_2022-11-16_55208131762216.pdf
2022-11-16,suez-rv-sud-ouest-btp-ex-adp52089112022-11-1649470681500011f02.txt,339,suez-rv-sud-ouest-btp-ex-adp52089112022-11-1649470681500011f02,Susceptible de suites,"Risques chroniques, Retombées de poussières",AUTORISATION,NON_SEVESO,Saint-Jean-d'Illac,5208911,SUEZ-RV-SUD-OUEST-BTP-ex-ADP_5208911_2022-11-16_49470681500011.pdf
2022-11-21,ecopole-bellevue-exsogefi-materiaux31052272022-11-2189456954000012f09.txt,105,ecopole-bellevue-exsogefi-materiaux31052272022-11-2189456954000012f09,Susceptible de suites,"Risques chroniques, Rejets aqueux",ENREGISTREMENT,NON_SEVESO,Mérignac,3105227,ECOPOLE-BELLEVUE-exSOGEFI-MATERIAUX_3105227_2022-11-21_89456954000012.pdf
2022-12-05,lafarge-granulats-lg-abzac31048412022-12-0556211088201575f04.txt,295,lafarge-granulats-lg-abzac31048412022-12-0556211088201575f04,Susceptible de suite,"Actions nationales 2022, Mesures d'évitement et de réduction",AUTORISATION,NON_SEVESO,Abzac,3104841,LAFARGE-GRANULATS-LG-Abzac_3104841_2022-12-05_56211088201575.pdf
2022-12-05,lafarge-granulats-lg-abzac31048412022-12-0556211088201575f03.txt,281,lafarge-granulats-lg-abzac31048412022-12-0556211088201575f03,Susceptible de suite,"Autre, Aménagements préliminaires",AUTORISATION,NON_SEVESO,Abzac,3104841,LAFARGE-GRANULATS-LG-Abzac_3104841_2022-12-05_56211088201575.pdf
2022-12-15,sas-melusine-energie31059802022-12-1585036642800017f01.txt,16,sas-melusine-energie31059802022-12-1585036642800017f01,,,ENREGISTREMENT,NON_SEVESO,Aillas,3105980,SAS-MELUSINE-ENERGIE_3105980_2022-12-15_85036642800017.pdf
2022-12-15,sas-melusine-energie31059802022-12-1585036642800017f03.txt,20,sas-melusine-energie31059802022-12-1585036642800017f03,"Sans suite
'","Risques accidentels, DISPOSITIONS DE SECURITE",ENREGISTREMENT,NON_SEVESO,Aillas,3105980,SAS-MELUSINE-ENERGIE_3105980_2022-12-15_85036642800017.pdf
2022-12-15,cemex-granulats-sud-ouest-sas52072912022-12-1589695029200228f08.txt,102,cemex-granulats-sud-ouest-sas52072912022-12-1589695029200228f08,Susceptible de suites,"Risques accidentels, Surveillance",AUTORISATION,NON_SEVESO,Avensan,5207291,CEMEX-GRANULATS-Sud-Ouest-SAS_5207291_2022-12-15_89695029200228.pdf
2022-12-27,pomona-passionfroid52087032022-12-2755204499201715f01.txt,176,pomona-passionfroid52087032022-12-2755204499201715f01,Sans suite,"Situation administrative, Nomenclature des ICPE",AUTRE,,Tresses,5208703,POMONA-PASSIONFROID_5208703_2022-12-27_55204499201715.pdf
2023-01-03,ciron-sa-barsac52003172023-01-0346720164600016f23.txt,311,ciron-sa-barsac52003172023-01-0346720164600016f23,susceptible de suite,"Risques accidentels, Système de détection et extinction automatique",AUTORISATION,SEUIL_BAS,Barsac,5200317,CIRON-SA-Barsac_5200317_2023-01-03_46720164600016.pdf
2023-01-05,merck-biodevelopment52090892023-01-0535172344000092f03.txt,603,merck-biodevelopment52090892023-01-0535172344000092f03,Susceptible de suites,"Risques chroniques, conformité",AUTRE,,Martillac,5209089,MERCK-BIODEVELOPMENT_5209089_2023-01-05_35172344000092.pdf
2023-01-05,cemex-betons-sud-ouest1000111832023-01-0540015157700220f05.txt,400,cemex-betons-sud-ouest1000111832023-01-0540015157700220f05,Susceptible de suites,"Risques chroniques, Rétention des aires et locaux de travail",NON_ICPE,,Blanquefort,100011183,CEMEX-BETONS-SUD-OUEST_100011183_2023-01-05_40015157700220.pdf
2023-01-12,sas-lelay52011532023-01-1237831137700022f04.txt,19,sas-lelay52011532023-01-1237831137700022f04,"Sans suite
Proposition de sultes : Sans objet","Risques chroniques, Emissions dans l'air",AUTORISATION,NON_SEVESO,Saint-Symphorien,5201153,SAS-LELAY_5201153_2023-01-12_37831137700022.pdf
2023-01-12,sas-lelay52011532023-01-1237831137700022f02.txt,44,sas-lelay52011532023-01-1237831137700022f02,"Sans suite
Proposition de'svites : Sans objet","Risques accidentels, Emissions dans l'eau et dans les sols",AUTORISATION,NON_SEVESO,Saint-Symphorien,5201153,SAS-LELAY_5201153_2023-01-12_37831137700022.pdf
2023-01-13,psd-ex-carpenter-sa-ex-intermousse52000032023-01-1338133197400034f07.txt,247,psd-ex-carpenter-sa-ex-intermousse52000032023-01-1338133197400034f07,Susceptible de suites,"Risques accidentels, Surveillance du stockage",ENREGISTREMENT,NON_SEVESO,Libourne,5200003,PSD-ex-CARPENTER-SA-EX-INTERMOUSSE_5200003_2023-01-13_38133197400034.pdf
2023-01-20,simorep-cie-cs-michelin52003512023-01-2032852574600017gplbazf01.txt,66,simorep-cie-cs-michelin52003512023-01-2032852574600017gplbazf01,Sans suite,"Risques accidentels, Couronnes de refroidissement à eau",AUTORISATION,SEUIL_HAUT,Bassens,5200351,SIMOREP-CIE-CS-MICHELIN_5200351_2023-01-20_32852574600017_gPlbaz.pdf
2023-01-20,simorep-cie-cs-michelin52003512023-01-2032852574600017kaqj8df01.txt,834,simorep-cie-cs-michelin52003512023-01-2032852574600017kaqj8df01,Susceptible de suite,"Actions nationales 2022, SGS – Maîtrise des procédures d’urgence",AUTORISATION,SEUIL_HAUT,Bassens,5200351,SIMOREP-CIE-CS-MICHELIN_5200351_2023-01-20_32852574600017_kaQj8D.pdf
2023-01-24,sarl-grelier-et-fils-isdi52138802023-01-2438441797800010f04.txt,408,sarl-grelier-et-fils-isdi52138802023-01-2438441797800010f04,Susceptible de suites,"Risques chroniques, Document préalable",ENREGISTREMENT,NON_SEVESO,Saint-Martin-Lacaussade,5213880,SARL-GRELIER-ET-FILS-ISDI_5213880_2023-01-24_38441797800010.pdf
2023-01-30,carrosserie-le-graal52012022023-01-30nosiretf02.txt,333,carrosserie-le-graal52012022023-01-30nosiretf02,Susceptible de suites: ASTREINTE ADMINISTRATIVE,"Risques chroniques, Respect des dispositions de l’arrêté ministériel du 04/06/2004",AUTRE,,Saint-Loubès,5201202,CARROSSERIE-LE-GRAAL_5201202_2023-01-30_nosiret.pdf
2023-01-30,carrosserie-le-graal52012022023-01-30nosiretf04.txt,376,carrosserie-le-graal52012022023-01-30nosiretf04,Susceptible de suites: ASTREINTE ADMINISTRATIVE,"Risques chroniques, respecter les dispositions article 2.10 de l’AM du 02/05/02",AUTRE,,Saint-Loubès,5201202,CARROSSERIE-LE-GRAAL_5201202_2023-01-30_nosiret.pdf
2023-01-30,carrosserie-le-graal52012022023-01-30nosiretf03.txt,192,carrosserie-le-graal52012022023-01-30nosiretf03,Susceptible de suites,"Risques chroniques, Plan de gestion de solvants (PGS),",AUTRE,,Saint-Loubès,5201202,CARROSSERIE-LE-GRAAL_5201202_2023-01-30_nosiret.pdf
2023-02-14,construction-navale-de-bordeaux52091142023-02-1434201239000023f07.txt,121,construction-navale-de-bordeaux52091142023-02-1434201239000023f07,"Susceptible de suites
Observations  : L'inspection  demande  à  l’exploitant  d’intégrer  la  mesure  de  poussières  sur
l’ensemble de ces installations 2661 à ces campagnes de mesure de rejets atmosphériques.
Une régularisation est à réaliser en ce sens au plus tard sous 3 mois. Un état des lieux des rejets en
poussières est effectué sur l'ensemble des exutoires concernés.","Risques chroniques, Rubrique 2661 : Poussières",ENREGISTREMENT,NON_SEVESO,Bordeaux,5209114,Construction-navale-de-Bordeaux_5209114_2023-02-14_34201239000023.pdf
2023-02-16,auchan-supermarche1000146202023-02-1641040901500709f11.txt,238,auchan-supermarche1000146202023-02-1641040901500709f11,Susceptible de suites,"Risques chroniques, Réseau de collecte",AUTRE,,Bègles,100014620,AUCHAN-SUPERMARCHE_100014620_2023-02-16_41040901500709.pdf
2023-02-23,soba-bennes-du-sud-ouest31065852023-02-2382122883000013f01.txt,633,soba-bennes-du-sud-ouest31065852023-02-2382122883000013f01,Sans suites,"Situation administrative, Dossier d’Enregistrement",NON_ICPE,,Coutras,3106585,SOBA-BENNES-DU-SUD-OUEST_3106585_2023-02-23_82122883000013.pdf
2023-02-23,grelier-fils52078192023-02-2338441797800010f07.txt,209,grelier-fils52078192023-02-2338441797800010f07,Susceptible de mise en demeure,"Risques chroniques, EAUX",AUTORISATION,NON_SEVESO,Saint-Aubin-de-Blaye,5207819,GRELIER-FILS_5207819_2023-02-23_38441797800010.pdf
2023-03-07,saipol-sa-bassens-5-avenue-bellerive-des-moines-152003592023-03-0738802115600079.txt,756,saipol-sa-bassens-5-avenue-bellerive-des-moines-152003592023-03-0738802115600079,Susceptible de suites,"Actions nationales 2023, Vérification des installations électriques",AUTORISATION,SEUIL_BAS,Bassens,5200359,SAIPOL-SA-Bassens-5-avenue-Bellerive-des-Moines-1_5200359_2023-03-07_38802115600079.pdf
2023-03-24,quincaillerie-guy-lego1000167562023-03-2446420279500017f04.txt,110,quincaillerie-guy-lego1000167562023-03-2446420279500017f04,Susceptible de suites,"Produits chimiques, Connaissance des produits, étiquetage",AUTRE,,Lesparre-Médoc,100016756,QUINCAILLERIE-GUY-LEGO_100016756_2023-03-24_46420279500017.pdf
2023-03-28,jv-coating-ex-electrochrome52010122023-03-2878193928500024f09.txt,135,jv-coating-ex-electrochrome52010122023-03-2878193928500024f09,Sans suites,"Risques accidentels, changement de combustible",AUTORISATION,NON_SEVESO,Mérignac,5201012,JV-COATING-ex-ELECTROCHROME_5201012_2023-03-28_78193928500024.pdf
2023-03-29,mairie-d-hourtin31045842023-03-29nosiretf01.txt,860,mairie-d-hourtin31045842023-03-29nosiretf01,Susceptible de suites,"Situation administrative, Cessation d'activité",NON_ICPE,,Hourtin,3104584,Mairie-d-HOURTIN_3104584_2023-03-29_nosiret.pdf
2023-03-30,la-grande-jaugue52093612023-03-3050818282100027f02.txt,294,la-grande-jaugue52093612023-03-3050818282100027f02,Susceptible de suites,"Risques accidentels, Utilisation des lixiviats comme réserve incendie",AUTORISATION,NON_SEVESO,Saint-Médard-en-Jalles,5209361,LA-GRANDE-JAUGUE_5209361_2023-03-30_50818282100027.pdf
2023-04-04,pfa-logistic-sci52003342023-04-0485311714100012f07.txt,184,pfa-logistic-sci52003342023-04-0485311714100012f07,Susceptible de suites,"Risques chroniques, capacité de rétention",ENREGISTREMENT,NON_SEVESO,Bassens,5200334,PFA-LOGISTIC-SCI_5200334_2023-04-04_85311714100012.pdf
2023-04-24,bordeaux-metropole-eysines52117992023-04-2448743234600038f14.txt,211,bordeaux-metropole-eysines52117992023-04-2448743234600038f14,Sans suite,"Risques chroniques, Admission",ENREGISTREMENT,NON_SEVESO,Eysines,5211799,BORDEAUX-METROPOLE-Eysines_5211799_2023-04-24_48743234600038.pdf
2023-05-02,bordeaux-metropole-dechetterie-paludate52117982023-05-0224330031600219f01.txt,361,bordeaux-metropole-dechetterie-paludate52117982023-05-0224330031600219f01,Susceptible de suites,"Risques chroniques, Cessation d'activité",NON_ICPE,,Bordeaux,5211798,BORDEAUX-METROPOLE-dechetterie-Paludate_5211798_2023-05-02_24330031600219.pdf
2023-05-09,intermarche-bordeaux-caphy52004852023-05-0933313234800017f02.txt,270,intermarche-bordeaux-caphy52004852023-05-0933313234800017f02,Avec suites,"Risques accidentels, Contrôle périodique",AUTRE,,Bordeaux,5200485,INTERMARCHE-Bordeaux-Caphy_5200485_2023-05-09_33313234800017.pdf
2023-05-09,bordeaux-metropole-pessac-le-bourgailh-2-chemin-de-la-princesse52085562023-05-09.txt,438,bordeaux-metropole-pessac-le-bourgailh-2-chemin-de-la-princesse52085562023-05-09,Susceptibles de suites,"Risques accidentels, Moyens d’intervention",AUTORISATION,NON_SEVESO,Pessac,5208556,BORDEAUX-METROPOLE-Pessac-Le-Bourgailh-2-Chemin-de-la-Princesse_5208556_2023-05-09_34868793000019.pdf
2023-05-09,bordeaux-metropole-merignac52049332023-05-0933783298400013f01.txt,394,bordeaux-metropole-merignac52049332023-05-0933783298400013f01,Susceptibles de suites,"Risques accidentels, Moyens d’intervention",AUTORISATION,NON_SEVESO,Mérignac,5204933,BORDEAUX-METROPOLE-Merignac_5204933_2023-05-09_33783298400013.pdf
2023-05-11,fillatreau-philippe52012372023-05-1132609656700010f17.txt,669,fillatreau-philippe52012372023-05-1132609656700010f17,Avec suites,"Autre, Traçabilité des déchets – Registres",ENREGISTREMENT,NON_SEVESO,Saint-Mariens,5201237,FILLATREAU-Philippe_5201237_2023-05-11_32609656700010.pdf
2023-05-11,bordeaux-metropole-le-taillan-medoc52076162023-05-1124330031600011f09.txt,269,bordeaux-metropole-le-taillan-medoc52076162023-05-1124330031600011f09,"Mise en demeure, respect de prescription","Risques chroniques, Rejets aqueux",AUTORISATION,NON_SEVESO,Le Taillan-Médoc,5207616,BORDEAUX-METROPOLE-Le-Taillan-Medoc_5207616_2023-05-11_24330031600011.pdf
2023-05-11,bordeaux-metropole-le-taillan-medoc52076162023-05-1124330031600011f07.txt,500,bordeaux-metropole-le-taillan-medoc52076162023-05-1124330031600011f07,Suceptible de suites,"Risques chroniques, Collecte des eaux pluviales susceptibles d'être polluées",AUTORISATION,NON_SEVESO,Le Taillan-Médoc,5207616,BORDEAUX-METROPOLE-Le-Taillan-Medoc_5207616_2023-05-11_24330031600011.pdf
2023-05-24,scea-fougeraie52011742023-05-2445236852500013f07.txt,346,scea-fougeraie52011742023-05-2445236852500013f07,Avec suites,"Élevage, Dossier",AUTORISATION,NON_SEVESO,Saint-Germain-d'Esteuil,5201174,SCEA-FOUGERAIE_5201174_2023-05-24_45236852500013.pdf
2023-06-22,cie-commerciale-manutention-petroliere52010362023-06-2257645046400119f01.txt,243,cie-commerciale-manutention-petroliere52010362023-06-2257645046400119f01,Sans suite,"Situation administrative, Description de l'appontement",AUTORISATION,SEUIL_HAUT,Saint-Estèphe,5201036,CIE-COMMERCIALE-MANUTENTION-PETROLIERE_5201036_2023-06-22_57645046400119.pdf
2023-06-30,nouryon-pulp-performance-chemicals52002572023-06-3045420088200065f01.txt,301,nouryon-pulp-performance-chemicals52002572023-06-3045420088200065f01,Susceptible de suite,"Risques accidentels, Sûreté",AUTORISATION,SEUIL_HAUT,Bayon-sur-Gironde,5200257,NOURYON-PULP-PERFORMANCE-CHEMICALS_5200257_2023-06-30_45420088200065.pdf
2023-07-20,aquitaine-nettoyage-service1000121382023-07-2033456812800071f05.txt,149,aquitaine-nettoyage-service1000121382023-07-2033456812800071f05,Susceptible de suites,"Risques chroniques, VLE pour le rejet direct ou raccordé",AUTRE,,Ambès,100012138,AQUITAINE-NETTOYAGE-SERVICE_100012138_2023-07-20_33456812800071.pdf
2023-08-17,gazechim-sa52014012023-08-1754292008700062f11.txt,251,gazechim-sa52014012023-08-1754292008700062f11,"Susceptible de suite
Proposition de délais : 15 jours","Risques accidentels, rapport accident",AUTORISATION,SEUIL_BAS,Villenave-d'Ornon,5201401,GAZECHIM-SA_5201401_2023-08-17_54292008700062.pdf
2023-08-24,arianegroup-sas-saint-medard-en-jalles52012612023-08-2451903224700032f07.txt,375,arianegroup-sas-saint-medard-en-jalles52012612023-08-2451903224700032f07,Sans suites,"Risques accidentels, Incendie",AUTORISATION,SEUIL_HAUT,Saint-Médard-en-Jalles,5201261,ARIANEGROUP-SAS-Saint-Medard-en-Jalles_5201261_2023-08-24_51903224700032.pdf
2023-08-24,arianegroup-sas-saint-medard-en-jalles52012612023-08-2451903224700032f11.txt,119,arianegroup-sas-saint-medard-en-jalles52012612023-08-2451903224700032f11,Susceptible de suites,"Risques accidentels, Incendie",AUTORISATION,SEUIL_HAUT,Saint-Médard-en-Jalles,5201261,ARIANEGROUP-SAS-Saint-Medard-en-Jalles_5201261_2023-08-24_51903224700032.pdf
2023-09-12,cobogal-compagnie-bordelaise-des-gaz-liquefies52002632023-09-1245620101100016f11.txt,296,cobogal-compagnie-bordelaise-des-gaz-liquefies52002632023-09-1245620101100016f11,"Susceptible de suites
Proposition de délais : 1 mois","Risques accidentels, Équipements sous pression - bras de chargement/déchargement",AUTORISATION,SEUIL_HAUT,Ambès,5200263,COBOGAL-COMPAGNIE-BORDELAISE-DES-GAZ-LIQUEFIES_5200263_2023-09-12_45620101100016.pdf
2023-09-27,landes-girondines-lerm-et-musset52054282023-09-2738474172400015f01.txt,473,landes-girondines-lerm-et-musset52054282023-09-2738474172400015f01,"Susceptible de suites
6/7

Prises de vue datant de février 2011 (sables, blocs béton, déchets verts, terres)
Prises de vue de septembre 2023 (reste de sable)","Situation administrative, Activité illégale",AUTORISATION,NON_SEVESO,Lerm-et-Musset,5205428,LANDES-GIRONDINES-Lerm-et-Musset_5205428_2023-09-27_38474172400015.pdf
2023-09-29,societe-civile-d-exploitation-agricole-du-chateau-perenne-par-abreviation-scea-d.txt,51,societe-civile-d-exploitation-agricole-du-chateau-perenne-par-abreviation-scea-d,"Sans suite
_________________________________________________________
Rapport d’inspection 2023-04823
4/5
En cas de reproduction, ce rapport doit être édité en entier","Risques chroniques, Exploitation et entretien",AUTRE,,Saint-Genès-de-Blaye,5212502,SOCIETE-CIVILE-D-EXPLOITATION-AGRICOLE-DU-CHATEAU-PERENNE-PAR-ABREVIATION-SCEA-DU-CHATEAU-PERENNE_5212502_2023-09-29_83446510600013.pdf
2023-09-29,soba-bennes-du-sud-ouest31065852023-09-2982122883000013f03.txt,362,soba-bennes-du-sud-ouest31065852023-09-2982122883000013f03,Susceptible de suites : ASTREINTE ADMINISTRATIVE,"Risques accidentels, conformité",NON_ICPE,,Coutras,3106585,SOBA-BENNES-DU-SUD-OUEST_3106585_2023-09-29_82122883000013.pdf
2023-09-29,soba-bennes-du-sud-ouest31065852023-09-2982122883000013f04.txt,171,soba-bennes-du-sud-ouest31065852023-09-2982122883000013f04,Susceptible de suites,"Risques accidentels, formation au risque incendie",NON_ICPE,,Coutras,3106585,SOBA-BENNES-DU-SUD-OUEST_3106585_2023-09-29_82122883000013.pdf
2023-10-20,maison-de-retraite-terre-negre1000322432023-10-2078183755400018f02.txt,296,maison-de-retraite-terre-negre1000322432023-10-2078183755400018f02,Susceptible de suites,"Situation administrative, Controles périodiques",AUTRE,,Bordeaux,100032243,Maison-de-retraite-Terre-Negre_100032243_2023-10-20_78183755400018.pdf
2023-11-07,kurita52051092023-11-0780883153100062f03.txt,413,kurita52051092023-11-0780883153100062f03,Susceptible de suite,"Risques accidentels, Installations électriques",AUTORISATION,NON_SEVESO,Bayon-sur-Gironde,5205109,KURITA_5205109_2023-11-07_80883153100062.pdf
2023-11-09,domofrance-lormont52116042023-11-0945650053701560f01.txt,289,domofrance-lormont52116042023-11-0945650053701560f01,Sans suites,"Situation administrative, Classement ICPE",AUTRE,,Lormont,5211604,DOMOFRANCE-Lormont_5211604_2023-11-09_45650053701560.pdf
2023-11-09,green-recup-33-ex-larroude52073152023-11-0930812809900022f09.txt,195,green-recup-33-ex-larroude52073152023-11-0930812809900022f09,Susceptible de suitesl,"Risques  accidentels,  Séparation  des  flux  déchetterie  professionnelle  du  reste  de
l’activité",ENREGISTREMENT,NON_SEVESO,Blanquefort,5207315,GREEN-RECUP-33-ex-LARROUDE_5207315_2023-11-09_30812809900022.pdf
2023-11-09,green-recup-33-ex-larroude52073152023-11-0930812809900022f18.txt,123,green-recup-33-ex-larroude52073152023-11-0930812809900022f18,Susceptible de suites,"Risques chroniques, conformité",ENREGISTREMENT,NON_SEVESO,Blanquefort,5207315,GREEN-RECUP-33-ex-LARROUDE_5207315_2023-11-09_30812809900022.pdf
2023-11-16,energie-des-bassins1000365532023-11-1679068741200029f03.txt,238,energie-des-bassins1000365532023-11-1679068741200029f03,Susceptible de suites,"Risques chroniques, Rejets atmosphériques",NON_ICPE,,Bordeaux,100036553,Energie-des-bassins_100036553_2023-11-16_79068741200029.pdf
2023-11-23,dbp-aquitaine52080902023-11-2384498503600020f03.txt,106,dbp-aquitaine52080902023-11-2384498503600020f03,Sans suite,"Risques accidentels, État des stocks",AUTORISATION,SEUIL_BAS,Le Barp,5208090,DBP-AQUITAINE_5208090_2023-11-23_84498503600020.pdf
2024-01-18,medial-unico-super-u52011932024-01-1834425370300013f01.txt,316,medial-unico-super-u52011932024-01-1834425370300013f01,Avec suites,"Risques accidentels, Modifications",AUTRE,,Saint-Laurent-Médoc,5201193,MEDIAL-UNICO-SUPER-U_5201193_2024-01-18_34425370300013.pdf
2024-03-06,garage-saint-amand1000128122024-03-0633017716300038f05.txt,294,garage-saint-amand1000128122024-03-0633017716300038f05,Avec suites,"Situation administrative, Réhabilitation",NON_ICPE,,Bordeaux,100012812,GARAGE-SAINT-AMAND_100012812_2024-03-06_33017716300038.pdf
2024-05-07,centre-en-route-de-la-navigation-aerienne-sud-ouest52066052024-05-07173301409000.txt,88,centre-en-route-de-la-navigation-aerienne-sud-ouest52066052024-05-07173301409000,Sans suite,"Risques accidentels, explosion",AUTRE,,Mérignac,5206605,Centre-en-Route-de-la-Navigation-Aerienne-Sud-Ouest_5206605_2024-05-07_17330140900012.pdf
2024-05-28,piscine-du-pinsan1000481772024-05-2821330162500017f08.txt,216,piscine-du-pinsan1000481772024-05-2821330162500017f08,Avec suites,"Risques accidentels, Systèmes de détection",NON_ICPE,,Eysines,100048177,PISCINE-DU-PINSAN_100048177_2024-05-28_21330162500017.pdf
2024-05-28,le-pot-au-pin1000231152024-05-2831721606700023f01.txt,755,le-pot-au-pin1000231152024-05-2831721606700023f01,Sans suite,"Situation administrative, Classement ICPE - 2160",NON_ICPE,,Cestas,100023115,LE-POT-AU-PIN_100023115_2024-05-28_31721606700023.pdf
2024-06-20,bordeaux-metropole-bordeaux-latule52005262024-06-2024330031600169f05.txt,167,bordeaux-metropole-bordeaux-latule52005262024-06-2024330031600169f05,Avec suites,"Risques accidentels, conformité",ENREGISTREMENT,NON_SEVESO,Bordeaux,5200526,BORDEAUX-METROPOLE-Bordeaux-Latule_5200526_2024-06-20_24330031600169.pdf
2024-07-02,scea-bayle533251512024-07-0249104499600016f01.txt,74,scea-bayle533251512024-07-0249104499600016f01,,"Élevage, Dispositions constructives
Prescription contrôlé
Les équipements de stockage et de traitement des effluents d'élevage visés à l'article 2 sont
conçus, dimensionnés et exploités de manière à éviter tout déversement dans le milieu naturel.
Les équipements de stockage à l'air libre des effluents liquides sont signalés et entourés d'une
clôture de sécurité et dotés, pour les nouveaux équipements, de dispositifs de surveillance de
l'étanchéité.",AUTRE,,Savignac,53325151,SCEA-BAYLE_53325151_2024-07-02_49104499600016.pdf
2024-07-02,scea-bayle533251512024-07-0249104499600016f04.txt,67,scea-bayle533251512024-07-0249104499600016f04,"Sans
suite
Prescription contrôlée
Un cahier d'épandage, tenu sous la responsabilité de l'exploitant et à la disposition de l'inspection
de l'environnement, spécialité installations classées pendant une durée de cinq ans, comporte
pour chacune des surfaces réceptrices épandues exploitées en propre :
1. Les superficies effectivement épandues ;
2. Hors zone vulnérable aux pollutions par les nitrates, les références de l'ilot PAC des surfaces
épandues et en zone vulnérable aux pollutions par les nitrates, les références de l'ilot cultural des
surfaces épandues. La correspondance entre les surfaces inscrites au plan d'épandage tel que
défini à l'article 27-2 et les surfaces effectivement épandues est assurée ;
3. Les dates d'épandage ;
4. La nature des cultures ;
5. Les rendements des cultures ;
6. Les volumes par nature d'effluents et les quantités d'azote épandues, en précisant les autres
apports d'azote organique et minéral ;
7. Le mode d'épandage et le délai d'enfouissement ;
8. Le traitement mis en œuvre pour atténuer les odeurs (sil existe).
Lorsque les effluents d'élevage sont épandus sur des parcelles mises à disposition par un préteur
de terres, un bordereau cosigné par l'exploitant et le préteur de terre est référencé et joint au
cahier d'épandage. Ce bordereau est établi au plus tard à la fin du chantier d'épandage. Il
comporte l'identification des surfaces réceptrices, les volumes d'effluents d'élevage et des
matières issues de leur traitement épandus-et les quantités d'azote correspondantes.
En zone vulnérable aux pollutions par les nitrates, l'établissement des bordereaux d'échanges et
du cahier d'enregistrement définis au IV de l'annexe | de l'arrêté du 19 décembre 2011 susvisé est
considéré remplir les obligations définies au présent article, à condition que le cahier d'épandage
soit complété pour chaque flot cultural par les informations 2, 7 et 8 ci-dessus.
Le cahier d'épandage est tenu à la disposition de l'inspection
de l'environnement, spécialité
installations classées,
Constats :
L'épandage est réalisé par une société spécialisée (CUMA sud Gironde) : l'enfouissement immédiat
est pratiqué.
Monsieur BAYLE renseigne le cahier d'épandage : il précise que depuis que les animaux sont élevés
en cages collectives, la production de lisier est moins importante.
Sur l'année, deux épandages sont pratiqués :
un sur culture d'été ( en avril/mai) de 360 m3 et
l'autre sur culture d'hiver (octobre) de 290 m3.
‘Type de suites proposées : Sans suite","Risques accidentels, Dispositif
de prévention des accidents
Prescription contrôlé
Les installations électriques sont conçues et construites conformément aux règlements et aux
bles,
L'exploitant tient à la disposition de l'inspection de l'environnement, spécialité installations
classées, les éléments justifiant que ses
installations électriques et techniques (gaz, chauffage,
fioul) sont entretenues en bon état et vérifiées par un professionnel tous les cing ans, ou tous les
ans si l'exploitant emploie des salariés ou des stagiaires.
Art",AUTRE,,Savignac,53325151,SCEA-BAYLE_53325151_2024-07-02_49104499600016.pdf
2024-07-02,scea-bayle533251512024-07-0249104499600016f03.txt,218,scea-bayle533251512024-07-0249104499600016f03,"Sans suite
rrêté Ministériel du 27/12/2013, articie
Art
itions constr
ih
L'installation dispose
de moyens de lutte contre l'incendie adaptés aux risques, notamment d'un
ou de plusieurs appareils d'incendie (bouches, poteaux par exemple) publics ou privés dont un
implanté à 200 mètres au plus du risque, ou de points d'eau, bassins, citernes, etc., d'une capacité
en rapport avec le danger à combattre. À défaut des moyens précédents, une réserve d'eau d'au
moins 120 m3 destinée à l'extinction est accessible en toutes circonstances. La protection interne
contre l'incendie est assurée par des extincteurs portatifs dont les agents d'extinction sont
appropriés aux risques à combattre.
Ces moyens sont complétés :
s'il existe un stockage de fioul ou de gaz, par la mise en place à proximité d'un extincteur portatif
4/6

3
poudre polyvalente de 6 kilogrammes, en précisant : « Ne pas se servir sur flamme gaz » ;
- par la mise en place d'un extincteur portatif « dioxyde de carbone » de 2 à 6 kilogrammes à
proximité des armoires ou locaux électriques.
Les vannes. de barrage (gaz, fioul) ou de coupure (électricité) sont installées à l'entrée des
bâtiments dans un boîtier sous verre dormant correctement identifié.
Les extincteurs font l'objet de vérifications périodiques conformément à la réglementation en
vigueur.
Sont affichées à proximité du téléphone urbain, dans la mesure oi il existe, et près de l'entrée du
bâtiment, des consignes précises indiquant notamment :
<le numéro d'appel des sapeurs-pompiers :18 ;
-le numéro d'appel de la gendarmerie : 17 ;
le numéro d'appel du SAMU : 15 ;
:
-le numéro d'appel des secours à partir d'un téléphone mobile
: 112 ;
ainsi que les dispositions immédiates à prendre en cas de sinistre ou d'accident de toute nature
pour assurer la sécurité des personnels et la sauvegarde de l'installation.
Après avis des services d'incendie et de secours, des moyens complémentaires ou alternatifs de
lutte contre l'incendie peuvent être fixés par l'arrêté préfectoral d'autorisation
Constats :
Les numéros d'urgence sont affichés.
Des extincteurs sont présents (près de l'armoire électrique, deux dans la salle, un près de la cuve
de fuel et un dans le bâtiment des tracteurs). Les extincteurs n'ont pas été contrôlés l'an passé
mais le seront le mardi 9 juillet 2024.
La cuve à fuel, d'une contenance de 5000 |, est en double paroi.
Type de suites proposées : Sans
suite","Élevage,
Pollution",AUTRE,,Savignac,53325151,SCEA-BAYLE_53325151_2024-07-02_49104499600016.pdf
2024-08-27,edf-sei-guyane1000339992024-08-2755208131790191f04.txt,102,edf-sei-guyane1000339992024-08-2755208131790191f04,"Avec suite
:","Situation administrative, Réseau de dérivation des eaux piuviales
:",AUTORISATION,NON_SEVESO,Martignas-sur-Jalle,100033999,EDF-SEI-GUYANE_100033999_2024-08-27_55208131790191.pdf
2024-08-27,edf-sei-guyane1000339992024-08-2755208131790191f03.txt,90,edf-sei-guyane1000339992024-08-2755208131790191f03,Avec suite -,"Situation administrative, Bornage",AUTORISATION,NON_SEVESO,Martignas-sur-Jalle,100033999,EDF-SEI-GUYANE_100033999_2024-08-27_55208131790191.pdf
2024-08-27,edf-sei-guyane1000339992024-08-2755208131790191f02.txt,64,edf-sei-guyane1000339992024-08-2755208131790191f02,"Avec suites
...","Situation administrative, Garanties financiéres",AUTORISATION,NON_SEVESO,Martignas-sur-Jalle,100033999,EDF-SEI-GUYANE_100033999_2024-08-27_55208131790191.pdf
2024-08-27,edf-sei-guyane1000339992024-08-2755208131790191f05.txt,56,edf-sei-guyane1000339992024-08-2755208131790191f05,Avec suite,"Situation administrative, Accès",AUTORISATION,NON_SEVESO,Martignas-sur-Jalle,100033999,EDF-SEI-GUYANE_100033999_2024-08-27_55208131790191.pdf
2024-09-26,automotive-cells-company-se1000264772024-09-2688463858600047f01.txt,237,automotive-cells-company-se1000264772024-09-2688463858600047f01,Sans suite,"Situation administrative, Nomenclature des ICPE",AUTRE,,Bruges,100026477,AUTOMOTIVE-CELLS-COMPANY-SE_100026477_2024-09-26_88463858600047.pdf
2024-09-26,celine-pressing1000562692024-09-2679196276400019f05.txt,58,celine-pressing1000562692024-09-2679196276400019f05,Sans suite,"Risques chroniques, Exploitation",NON_ICPE,,Pessac,100056269,CELINE-PRESSING_100056269_2024-09-26_79196276400019.pdf
2024-09-27,domofrance-pessac-rue-de-la-ramee1000562782024-09-2792819232700015f08.txt,321,domofrance-pessac-rue-de-la-ramee1000562782024-09-2792819232700015f08,Avec suites,"Risques accidentels, Conduite des installations",NON_ICPE,,Pessac,100056278,DOMOFRANCE-Pessac-Rue-de-la-Ramee_100056278_2024-09-27_92819232700015.pdf
2024-10-16,semaq-ex-sarl-plana-31000030402024-10-1630152474000042f06.txt,662,semaq-ex-sarl-plana-31000030402024-10-1630152474000042f06,Avec suites,"Risques accidentels, Défense incendie",ENREGISTREMENT,NON_SEVESO,Peujard,100003040,SEMAQ-EX-SARL-PLANA-3_100003040_2024-10-16_30152474000042.pdf
2024-10-28,total-energies-marketing-france52088362024-10-2840209561600023f01.txt,99,total-energies-marketing-france52088362024-10-2840209561600023f01,Sans suite,"Risques accidentels, Etat des stocks de liquides inflammables",AUTRE,,Mérignac,5208836,TOTAL-ENERGIES-MARKETING-FRANCE_5208836_2024-10-28_40209561600023.pdf
2024-11-29,mme-jacqueline-deiss52124992024-11-2932931702800010f03.txt,591,mme-jacqueline-deiss52124992024-11-2932931702800010f03,"Sans suite
8/8

Annexe 1 : photos
Photo 1 : vue des commerces depuis l’avenue St Exupéry

Photo 3 : traces de tubes sectionnés
Photo 4 : tranchée rebouchée

Photo 5
: arrière de la zone, parking privé avec pente

Las
CME
A2
cosls
?
enfow
12|
ve
ee
my
ee
oy
r
=
=
2
pL
Os,
:
À
/
g
a
Si
ge
PA
Tile
asa
iene
É
À
HN
EN
sb.
\
s,
x,
s
£
\
Ne
LRU
%
*,
%
s
|
|
Wee
{
|
{
j
|
1
|
en
beratyons
fo ei
,
ti.
2
Pièce
H
AUS
oe
Wane
\
NRA
G. #4
2
|
pum
i
|
i
|
i
Î
Ed
mite
propre
ele |
""A
NS
|
ay
i
‘;
$A
|
}
RSC
fe
1
ApS
‘4
on
x
FES
|
i Snfours
WoL an.
TIR, À Vii aoneonsl
20n
Conskrusl|
4 00
EE
ee.
Mire
dspiretion
|.
!
|
4
À
!
98/43
à plc en) |
|
pe
=
eee seine
en ete
4
i
if,
re
x
goat
Bae
ese
SO
Pa
a
RER
‘
j
pe
| !
Aspirztions
89/9
#17
à
NI
‘
Î
pees)
exisfantes
§
]
| |
i
: Éabeau
mandeine
of / |
felucormipleur
c
FE
ARS
de
|
oF
\
\ Os
6°
|
DS
Seale
AIRE
ole
STATIONNEMENT
Mn.
t
MELLE
Chat
us
a
t
—
4
UTES
Oren
eur
Gaur A
NA a”
sO
Pe
Bt
ER
A
x
ah
Se
en!
AE
Ba Ni Eutée
|
LE
at
ae
pe
ea
à
3
—sw
DS
>
a
jl
:
STAY
SS
Peuis
Je
CAZ AY","Risques chroniques, Mise à l'arrêt définitif",NON_ICPE,,La Teste-de-Buch,5212499,Mme-Jacqueline-DEISS_5212499_2024-11-29_32931702800010.pdf
2024-12-02,pressing-pacaris1000603592024-12-0251819311500020f01.txt,187,pressing-pacaris1000603592024-12-0251819311500020f01,Avec suites,"Situation administrative, Installations classées",NON_ICPE,,Talence,100060359,PRESSING-PACARIS_100060359_2024-12-02_51819311500020.pdf
2024-12-03,jps52008292024-12-0333777663700023f01.txt,355,jps52008292024-12-0333777663700023f01,Sans suite,"Risques accidentels, Stockage des bobines de papier",ENREGISTREMENT,NON_SEVESO,La Brède,5200829,JPS_5200829_2024-12-03_33777663700023.pdf
2024-12-17,carambolage52078202024-12-1783222246700066f13.txt,336,carambolage52078202024-12-1783222246700066f13,Avec suites,"Risques chroniques, Surveillance des eaux souterraines",ENREGISTREMENT,NON_SEVESO,Arsac,5207820,CARAMBOLAGE_5207820_2024-12-17_83222246700066.pdf
2025-01-07,sas-la-compagnie-des-pruneaux533250712025-01-0780372646200010f02.txt,133,sas-la-compagnie-des-pruneaux533250712025-01-0780372646200010f02,"Sans suite
_|","Risques chroniques, Dispositions générales",ENREGISTREMENT,NON_SEVESO,Pineuilh,53325071,SAS-LA-COMPAGNIE-DES-PRUNEAUX_53325071_2025-01-07_80372646200010.pdf
2025-01-24,pressing-ocean-cleaner-s1000785152025-01-2450945842800018f01.txt,296,pressing-ocean-cleaner-s1000785152025-01-2450945842800018f01,Sans suite,"Situation administrative, Installations classées",NON_ICPE,,Bègles,100078515,PRESSING-OCEAN-CLEANER-S_100078515_2025-01-24_50945842800018.pdf
2025-01-29,pena-metaux-sas52010042025-01-2938014154900010f01.txt,1265,pena-metaux-sas52010042025-01-2938014154900010f01,Avec suites,"Risques chroniques, Bruit",AUTORISATION,NON_SEVESO,Mérignac,5201004,PENA-METAUX-SAS_5201004_2025-01-29_38014154900010.pdf
2025-02-18,green-pressing-dlt1002859702025-02-1880006309100030f02.txt,193,green-pressing-dlt1002859702025-02-1880006309100030f02,Sans suite,"Situation administrative, Changement d’exploitant",NON_ICPE,,Léognan,100285970,GREEN-PRESSING-DLT_100285970_2025-02-18_80006309100030.pdf
2025-03-11,monsieur-chassaing-herve31041472025-03-1132296382800031f02.txt,116,monsieur-chassaing-herve31041472025-03-1132296382800031f02,"Sans suite
5/5

»","Élevage, Bruit",NON_ICPE,,Saint-Selve,3104147,MONSIEUR-CHASSAING-HERVE_3104147_2025-03-11_32296382800031.pdf
2025-03-18,distillerie-douence52011732025-03-1832849829000019f28.txt,259,distillerie-douence52011732025-03-1832849829000019f28,Avec suites,"Risques accidentels, Vérifications",AUTORISATION,NON_SEVESO,Créon,5201173,Distillerie-DOUENCE_5201173_2025-03-18_32849829000019.pdf
2025-03-20,pressing-lorina1002374242025-03-2050093832900017f09.txt,243,pressing-lorina1002374242025-03-2050093832900017f09,Avec suites,"Risques chroniques, Machine de nettoyage à sec",AUTRE,,Créon,100237424,PRESSING-LORINA_100237424_2025-03-20_50093832900017.pdf
2025-03-20,smicval-vayres52125012025-03-2025330661700015f03.txt,213,smicval-vayres52125012025-03-2025330661700015f03,Avec suites,"Risques accidentels, Tri des DEEE",ENREGISTREMENT,NON_SEVESO,Vayres,5212501,SMICVAL-Vayres_5212501_2025-03-20_25330661700015.pdf
2025-05-27,total-marketing-france-merignac-aeroport-de-bordeaux52071012025-05-2753168044500.txt,213,total-marketing-france-merignac-aeroport-de-bordeaux52071012025-05-2753168044500,Sans suite,"Risques accidentels, Formation du personnel",AUTORISATION,NON_SEVESO,Mérignac,5207101,TOTAL-MARKETING-FRANCE-Merignac-Aeroport-de-Bordeaux_5207101_2025-05-27_53168044500065.pdf
2025-05-28,pressing-du-bourg1002397392025-05-2880078770700036f01.txt,187,pressing-du-bourg1002397392025-05-2880078770700036f01,Sans suite,"Situation administrative, Installations classées",AUTRE,,Latresne,100239739,PRESSING-DU-BOURG_100239739_2025-05-28_80078770700036.pdf
2025-06-05,fillatreau-philippe52012372025-06-0532609656700010f14.txt,214,fillatreau-philippe52012372025-06-0532609656700010f14,Avec suites,"Situation administrative, Centre VHU",ENREGISTREMENT,NON_SEVESO,Saint-Mariens,5201237,FILLATREAU-Philippe_5201237_2025-06-05_32609656700010.pdf
2025-06-10,grand-parc-energies-exengie-cofely52005642025-06-1091076742500010f01.txt,446,grand-parc-energies-exengie-cofely52005642025-06-1091076742500010f01,Sans suite,"Actions nationales 2025, Contrôle du type combustible pour classement 2910-A ou
2910-B1",ENREGISTREMENT,NON_SEVESO,Bordeaux,5200564,GRAND-PARC-ENERGIES-exENGIE-COFELY_5200564_2025-06-10_91076742500010.pdf
2025-06-13,valbom-cenon52006782025-06-1385219337400034f13.txt,122,valbom-cenon52006782025-06-1385219337400034f13,Avec suites,"Risques accidentels, Entreposage produits dangereux",AUTORISATION,NON_SEVESO,Cenon,5200678,VALBOM-Cenon_5200678_2025-06-13_85219337400034.pdf
2025-07-07,donitian-demolition31061472025-07-0748797039400010f07.txt,278,donitian-demolition31061472025-07-0748797039400010f07,Avec suites,"Risques accidentels, Rétention",AUTRE,,Lormont,3106147,DONITIAN-DEMOLITION_3106147_2025-07-07_48797039400010.pdf
2025-07-30,cerexagri-sa52003462025-07-3056980498200357f05.txt,460,cerexagri-sa52003462025-07-3056980498200357f05,Avec suites,"Risques accidentels, Remise en service",AUTORISATION,SEUIL_HAUT,Bassens,5200346,CEREXAGRI-SA_5200346_2025-07-30_56980498200357.pdf
2025-09-03,btva52070422025-09-0339846750600026f05.txt,445,btva52070422025-09-0339846750600026f05,Sans suite,"Situation administrative, Modification d'installations",ENREGISTREMENT,NON_SEVESO,Petit-Palais-et-Cornemps,5207042,BTVA_5207042_2025-09-03_39846750600026.pdf
2025-09-24,dassault-aviation-sa52010102025-09-2471204245600228f02.txt,632,dassault-aviation-sa52010102025-09-2471204245600228f02,Avec suites,"Risques chroniques, Gestion des eaux",AUTORISATION,NON_SEVESO,Mérignac,5201010,DASSAULT-Aviation-SA_5201010_2025-09-24_71204245600228.pdf
2025-11-07,heidelberg-materials-france-granulats-illats31036272025-11-0757216565201419f03.txt,326,heidelberg-materials-france-granulats-illats31036272025-11-0757216565201419f03,Sans suite,"Risques chroniques, Champ d'application",ENREGISTREMENT,NON_SEVESO,Illats,3103627,HEIDELBERG-MATERIALS-France-Granulats-Illats_3103627_2025-11-07_57216565201419.pdf
2025-11-25,dassault-falcon-service52132562025-11-2567980188600038f06.txt,272,dassault-falcon-service52132562025-11-2567980188600038f06,Avec suites,"Risques chroniques, Surveillance des eaux souterraines",ENREGISTREMENT,NON_SEVESO,Mérignac,5213256,DASSAULT-FALCON-SERVICE_5213256_2025-11-25_67980188600038.pdf
2025-12-05,domaine-clarence-dillon31042552025-12-0557217902600024f03.txt,202,domaine-clarence-dillon31042552025-12-0557217902600024f03,Sans suite,"Risques accidentels, Dispositions par rapport au risque d'explosion",ENREGISTREMENT,NON_SEVESO,Fargues,3104255,DOMAINE-CLARENCE-DILLON_3104255_2025-12-05_57217902600024.pdf
2025-12-16,pressing-andreo52135862025-12-1651897731900012f03.txt,349,pressing-andreo52135862025-12-1651897731900012f03,"Sans suite
8/9

Annexe photos
\
Emplacement ancien pressing Andreo puis Ni Qui Press le 18/12/2025
Ancien pressing Grand Large (d’aprés photo récupérée sur le site du centre commercial
https://www.centregrandlarge.com en décembre 2025)","Risques chroniques, Intérêts mentionnés au L. 511-1",NON_ICPE,,Gujan-Mestras,5213586,PRESSING-ANDREO_5213586_2025-12-16_51897731900012.pdf
2025-12-18,siaso52115962025-12-1830247504101446f03.txt,193,siaso52115962025-12-1830247504101446f03,"Sans suite
8/9

Annexe photos
348 Av. Thiers
9:
< Partager
x
® soogie street view
> 3
Le
LECTURES: : Pt
Sars _ Banana se :
k
À
|
350 avenue Thiers à Bordeaux septembre 2008 : source Google Street View","Risques chroniques, Intérêts mentionnés au L. 511-1",NON_ICPE,,Bordeaux,5211596,SIASO_5211596_2025-12-18_30247504101446.pdf
2026-01-08,barriere-freres533007932026-01-0845620404900054f05.txt,260,barriere-freres533007932026-01-0845620404900054f05,Sans suite,"Risques accidentels, Conditions d'accès",ENREGISTREMENT,NON_SEVESO,Ludon-Médoc,53300793,BARRIERE-FRERES_53300793_2026-01-08_45620404900054.pdf
2026-01-13,aslinka1000518542026-01-1383116137700013f01.txt,871,aslinka1000518542026-01-1383116137700013f01,Avec suites,"Risques accidentels, Mise en sécurité",NON_ICPE,,Le Tourne,100051854,ASLINKA_100051854_2026-01-13_83116137700013.pdf
2026-01-22,secapress-bouliac1002379922026-01-2230801900900221f01.txt,284,secapress-bouliac1002379922026-01-2230801900900221f01,Avec suites,"Situation administrative, Installations classées",AUTRE,,Bouliac,100237992,SECAPRESS-Bouliac_100237992_2026-01-22_30801900900221.pdf
2026-01-28,monoprix-exploitation-par-abreviation-mpx1000799832026-01-2855208329703071f03.txt,255,monoprix-exploitation-par-abreviation-mpx1000799832026-01-2855208329703071f03,Avec suites,"Risques accidentels, Dispositifs de sécurité",AUTRE,,Le Bouscat,100079983,MONOPRIX-EXPLOITATION-PAR-ABREVIATION-MPX_100079983_2026-01-28_55208329703071.pdf
2026-02-02,piste-200-euronat1003058892026-02-0230247640300027f03.txt,254,piste-200-euronat1003058892026-02-0230247640300027f03,Avec suites,"Situation administrative, applicabilité rubrique 4718",NON_ICPE,,Grayan-et-l'Hôpital,100305889,PISTE-200-EURONAT_100305889_2026-02-02_30247640300027.pdf
2026-02-03,bordeaux-metropole-begles1000233902026-02-0324330031600011f05.txt,245,bordeaux-metropole-begles1000233902026-02-0324330031600011f05,Avec suites,"Risques chroniques, Contrôles des circuits",NON_ICPE,,Bègles,100023390,BORDEAUX-METROPOLE-BEGLES_100023390_2026-02-03_24330031600011.pdf
2026-03-03,brenntag-sa1002910792026-03-0370980178100457f04.txt,730,brenntag-sa1002910792026-03-0370980178100457f04,Avec suites,"Risques chroniques, Rétention",AUTRE,,Bassens,100291079,BRENNTAG-SA_100291079_2026-03-03_70980178100457.pdf
